avail,desc,nreview,price,rating,stock,title,upc
,,,£51.33,star-rating Two,,Libertarianism for Beginners,
,,,£35.02,star-rating Five,,Rip it Up and Start Again,
,,,£23.88,star-rating One,,Olio,
,,,£57.25,star-rating Three,,"Our Band Could Be Your Life: Scenes from the American Indie Underground, 1981-1991",
,,,£45.17,star-rating Two,,It's Only the Himalayas,
,,,£37.59,star-rating One,,Mesaerion: The Best Science Fiction Stories 1800-1849,
,,,£52.29,star-rating Five,,Scott Pilgrim's Precious Little Life (Scott Pilgrim #1),
,,,£17.46,star-rating Five,,Set Me Free,
,,,£13.99,star-rating Two,,"Starving Hearts (Triangular Trade Trilogy, #1)",
,,,£20.66,star-rating Four,,Shakespeare's Sonnets,
,,,£52.15,star-rating One,,The Black Maria,
,,,£17.93,star-rating Three,,"The Coming Woman: A Novel Based on the Life of the Infamous Feminist, Victoria Woodhull",
,,,£22.60,star-rating Four,,The Boys in the Boat: Nine Americans and Their Epic Quest for Gold at the 1936 Berlin Olympics,
,,,£22.65,star-rating One,,The Requiem Red,
,,,£33.34,star-rating Four,,The Dirty Little Secrets of Getting Your Dream Job,
,,,£47.82,star-rating Four,,Sharp Objects,
,,,£53.74,star-rating One,,Tipping the Velvet,
,,,£54.23,star-rating Five,,Sapiens: A Brief History of Humankind,
,,,£50.10,star-rating One,,Soumission,
,,,£51.77,star-rating Three,,A Light in the Attic,
,,,£52.22,star-rating Four,,Behind Closed Doors,
,,,£33.63,star-rating Two,,You can't bury them all: Poems,
,,,£19.63,star-rating One,,"In a Dark, Dark Wood",
,,,£18.02,star-rating Two,,Maude (1883-1993):She Grew Up with the country,
,,,£33.29,star-rating Three,,Penny Maybe,
,,,£15.94,star-rating Five,,Sophie's World,
,,,£36.89,star-rating One,,The Bear and the Piano,
,,,£23.82,star-rating Five,,The Elephant Tree,
,,,£31.05,star-rating Three,,The Five Love Languages: How to Express Heartfelt Commitment to Your Mate,
,,,£44.18,star-rating Four,,Wall and Piece,
,,,£40.30,star-rating Five,,Worlds Elsewhere: Journeys Around Shakespeare’s Globe,
,,,£17.66,star-rating Five,,The Four Agreements: A Practical Guide to Personal Freedom,
,,,£53.13,star-rating Three,,Aladdin and His Wonderful Lamp,
,,,£22.50,star-rating Three,,America's Cradle of Quarterbacks: Western Pennsylvania's Football Factory from Johnny Unitas to Joe Montana,
,,,£19.19,star-rating Five,,Dark Notes,
,,,£10.97,star-rating One,,The Long Shadow of Small Ghosts: Murder and Memory in an American City,
,,,£34.53,star-rating Five,,Black Dust,
,,,£54.64,star-rating Three,,Birdsong: A Story in Pictures,
,,,£25.27,star-rating Five,,Chase Me (Paris Nights #2),
,,,£30.52,star-rating Three,,"Foolproof Preserving: A Guide to Small Batch Jams, Jellies, Pickles, Condiments, and More: A Foolproof Guide to Making Small Batch Jams, Jellies, Pickles, Condiments, and More",
,,,£45.22,star-rating Three,,The Natural History of Us (The Fine Art of Pretending #2),
,,,£56.50,star-rating Four,,The Past Never Ends,
,,,£56.41,star-rating One,,"The Pioneer Woman Cooks: Dinnertime: Comfort Classics, Freezer Food, 16-Minute Meals, and Other Delicious Ways to Solve Supper!",
,,,£56.13,star-rating One,,The Secret of Dreadwillow Carse,
,,,£19.09,star-rating One,,The Torch Is Passed: A Harding Family Story,
,,,£17.27,star-rating Five,,Thirst,
,,,£19.49,star-rating Four,,This One Summer,
,,,£38.40,star-rating One,,This Is Your Brain on Music: The Science of a Human Obsession,
,,,£59.71,star-rating Three,,The Bone Hunters (Lexy Vaughan & Steven Macaulay #2),
,,,£12.36,star-rating Three,,"Orchestra of Exiles: The Story of Bronislaw Huberman, the Israel Philharmonic, and the One Thousand Jews He Saved from Nazi Horrors",
,,,£34.93,star-rating Two,,Far From True (Promise Falls Trilogy #2),
,,,£15.77,star-rating One,,The Travelers,
,,,£52.79,star-rating Five,,Someone Like You (The Harrisons #2),
,,,£24.04,star-rating One,,We Are All Completely Beside Ourselves,
,,,£21.87,star-rating Four,,You Are What You Love: The Spiritual Power of Habit,
,,,£58.55,star-rating Four,,Catherine the Great: Portrait of a Woman,
,,,£42.91,star-rating Five,,The Mathews Men: Seven Brothers and the War Against Hitler's U-boats,
,,,£51.22,star-rating Two,,America's War for the Greater Middle East: A Military History,
,,,£55.91,star-rating Four,,The Hiding Place,
,,,£29.93,star-rating Five,,"At The Existentialist Café: Freedom, Being, and apricot cocktails with: Jean-Paul Sartre, Simone de Beauvoir, Albert Camus, Martin Heidegger, Edmund Husserl, Karl Jaspers, Maurice Merleau-Ponty and others",
,,,£14.54,star-rating Two,,The Guns of August,
,,,£43.70,star-rating Two,,"House of Lost Worlds: Dinosaurs, Dynasties, and the Story of Life on Earth",
,,,£54.62,star-rating One,,Something Blue (Darcy & Rachel #2),
,,,£19.69,star-rating One,,I've Got Your Number,
,,,£19.18,star-rating Four,,The Edge of Reason (Bridget Jones #2),
,,,£55.55,star-rating Two,,The Last Painting of Sara de Vos,
,,,£21.07,star-rating Five,,Voyager (Outlander #3),
,,,£35.66,star-rating Five,,The Red Tent,
,,,£29.82,star-rating One,,Bridget Jones's Diary (Bridget Jones #1),
,,,£49.53,star-rating One,,The Guernsey Literary and Potato Peel Pie Society,
,,,£22.54,star-rating One,,Maybe Something Beautiful: How Art Transformed a Neighborhood,
,,,£56.07,star-rating Three,,The Wild Robot,
,,,£26.33,star-rating Five,,The Day the Crayons Came Home (Crayons),
,,,£48.77,star-rating One,,The Thing About Jellyfish,
,,,£43.59,star-rating Five,,The Lonely Ones,
,,,£37.97,star-rating Two,,"Don't Be a Jerk: And Other Practical Advice from Dogen, Japan's Greatest Zen Master",
,,,£43.61,star-rating Five,,You (You #1),
,,,£13.82,star-rating Two,,The Guilty (Will Robie #4),
,,,£17.44,star-rating Four,,The Stranger,
,,,£54.21,star-rating One,,Proofs of God: Classical Arguments from Tertullian to Barth,
,,,£21.80,star-rating Three,,1491: New Revelations of the Americas Before Columbus,
,,,£11.45,star-rating Three,,Brilliant Beacons: A History of the American Lighthouse,
,,,£47.13,star-rating One,,Kierkegaard: A Christian Missionary to Christians,
,,,£14.58,star-rating Three,,A Distant Mirror: The Calamitous 14th Century,
,,,£44.48,star-rating Five,,"""Most Blessed of the Patriarchs"": Thomas Jefferson and the Empire of the Imagination",
,,,£16.62,star-rating Three,,The Constant Princess (The Tudor Court #1),
,,,£17.28,star-rating Two,,Lilac Girls,
,,,£37.34,star-rating One,,The Invention of Wings,
,,,£28.32,star-rating Five,,The Passion of Dolssa,
,,,£32.97,star-rating Four,,World Without End (The Pillars of the Earth #2),
,,,£26.77,star-rating One,,Girl With a Pearl Earring,
,,,£21.94,star-rating One,,Can You Keep a Secret?,
,,,£42.80,star-rating Two,,Twenties Girl,
,,,£25.08,star-rating One,,Nap-a-Roo,
,,,£53.95,star-rating Three,,Luis Paints the World,
,,,£52.87,star-rating Three,,"Shrunken Treasures: Literary Classics, Short, Sweet, and Silly",
,,,£35.96,star-rating Four,,The Whale,
,,,£32.38,star-rating One,,Playing from the Heart,
,,,£34.41,star-rating Two,,Raymie Nightingale,
,,,£45.75,star-rating Four,,The Undomestic Goddess,
,,,£52.53,star-rating Five,,The Nanny Diaries (Nanny #1),
,,,£22.00,star-rating Four,,In the Country We Love: My Family Divided,
,,,£53.90,star-rating Two,,Judo: Seven Steps to Black Belt (an Introductory Guide for Beginners),
,,,£35.67,star-rating Five,,Join,
,,,£40.11,star-rating One,,"Layered: Baking, Building, and Styling Spectacular Cakes",
,,,£19.92,star-rating Two,,Lumberjanes Vol. 3: A Terrible Plan (Lumberjanes #9-12),
,,,£45.61,star-rating Three,,"Lumberjanes, Vol. 1: Beware the Kitten Holy (Lumberjanes #1-4)",
,,,£30.25,star-rating Five,,Mrs. Houdini,
,,,£13.86,star-rating Three,,Will You Won't You Want Me?,
,,,£20.46,star-rating Four,,Keep Me Posted,
,,,£48.49,star-rating Four,,Grey (Fifty Shades #4),
,,,£48.39,star-rating Five,,Shopaholic Ties the Knot (Shopaholic #3),
,,,£43.58,star-rating Three,,Meternity,
,,,£13.73,star-rating Five,,Some Women,
,,,£36.95,star-rating One,,The House by the Lake,
,,,£58.08,star-rating Four,,The White Cat and the Monk: A Retelling of the Poem “Pangur Bán”,
,,,£13.47,star-rating Three,,Little Red,
,,,£22.08,star-rating Two,,Twenty Yawns,
,,,£12.96,star-rating Five,,Walt Disney's Alice in Wonderland,
,,,£23.57,star-rating Three,,Rain Fish,
,,,£18.28,star-rating Two,,Once Was a Time,
,,,£28.08,star-rating Four,,The Marriage of Opposites,
,,,£45.84,star-rating Three,,Glory over Everything: Beyond The Kitchen House,
,,,£20.55,star-rating Two,,"Love, Lies and Spies",
,,,£25.37,star-rating Five,,What Happened on Beale Street (Secrets of the South Mysteries #2),
,,,£52.30,star-rating Five,,The Bachelor Girl's Guide to Murder (Herringford and Watts Mysteries #1),
,,,£55.53,star-rating Five,,A Flight of Arrows (The Pathfinders #2),
,,,£20.89,star-rating Four,,Delivering the Truth (Quaker Midwife Mystery #1),
,,,£28.09,star-rating Two,,"Avatar: The Last Airbender: Smoke and Shadow, Part 3 (Smoke and Shadow #3)",
,,,£37.92,star-rating Two,,"Bitch Planet, Vol. 1: Extraordinary Machine (Bitch Planet (Collected Editions))",
,,,£20.90,star-rating Three,,"Sit, Stay, Love",
,,,£13.71,star-rating Three,,Playing with Fire,
,,,£31.30,star-rating One,,A Girl's Guide to Moving On (New Beginnings #2),
,,,£12.87,star-rating One,,Dark Lover (Black Dagger Brotherhood #1),
,,,£59.99,star-rating Three,,The Perfect Play (Play by Play #1),
,,,£13.38,star-rating Three,,Changing the Game (Play by Play #2),
,,,£57.36,star-rating Four,,I Had a Nice Time And Other Lies...: How to find love & sh*t like that,
,,,£49.46,star-rating Two,,Bossypants,
,,,£28.81,star-rating Three,,Burning,
,,,£29.14,star-rating Five,,Call the Nurse: True Stories of a Country Nurse on a Scottish Isle,
,,,£43.29,star-rating Three,,Crown of Midnight (Throne of Glass #2),
,,,£17.08,star-rating Four,,Camp Midnight,
,,,£36.72,star-rating Four,,"Codename Baboushka, Volume 1: The Conclave of Death",
,,,£51.99,star-rating Four,,Danganronpa Volume 1,
,,,£54.35,star-rating Two,,Everydata: The Misinformation Hidden in the Little Data You Consume Every Day,
,,,£35.28,star-rating Three,,Most Wanted,
,,,£54.36,star-rating Four,,Murder at the 42nd Street Library (Raymond Ambler #1),
,,,£32.61,star-rating Three,,The Wedding Pact (The O'Malleys #2),
,,,£28.82,star-rating One,,Hold Your Breath (Search and Rescue #1),
,,,£40.83,star-rating Four,,Dirty (Dive Bar #1),
,,,£12.61,star-rating Five,,The Third Wave: An Entrepreneur’s Vision of the Future,
,,,£26.80,star-rating Three,,Poisonous (Max Revere Novels #3),
,,,£42.15,star-rating Four,,The Vacationers,
,,,£24.12,star-rating One,,The Wedding Dress,
,,,£52.72,star-rating One,,Thirteen Reasons Why,
,,,£35.07,star-rating Three,,Throne of Glass (Throne of Glass #1),
,,,£41.60,star-rating Three,,Tracing Numbers on a Train,
,,,£21.04,star-rating Two,,Tuesday Nights in 1980,
,,,£54.00,star-rating Five,,(Un)Qualified: How God Uses Broken People to Do Big Things,
,,,£43.30,star-rating Four,,"William Shakespeare's Star Wars: Verily, A New Hope (William Shakespeare's Star Wars #4)",
,,,£52.37,star-rating One,,A Court of Thorns and Roses (A Court of Thorns and Roses #1),
,,,£28.13,star-rating Four,,A Fierce and Subtle Poison,
,,,£54.21,star-rating Two,,The Last Mile (Amos Decker #2),
