title,rating,price,avail
A Light in the ...,"Three, out of Five",£51.77,In stock
Tipping the Velvet,"One, out of Five",£53.74,In stock
Soumission,"One, out of Five",£50.10,In stock
Sharp Objects,"Four, out of Five",£47.82,In stock
Sapiens: A Brief History ...,"Five, out of Five",£54.23,In stock
The Requiem Red,"One, out of Five",£22.65,In stock
The Dirty Little Secrets ...,"Four, out of Five",£33.34,In stock
The Coming Woman: A ...,"Three, out of Five",£17.93,In stock
The Boys in the ...,"Four, out of Five",£22.60,In stock
The Black Maria,"One, out of Five",£52.15,In stock
Starving Hearts (Triangular Trade ...,"Two, out of Five",£13.99,In stock
Shakespeare's Sonnets,"Four, out of Five",£20.66,In stock
Set Me Free,"Five, out of Five",£17.46,In stock
Scott Pilgrim's Precious Little ...,"Five, out of Five",£52.29,In stock
Rip it Up and ...,"Five, out of Five",£35.02,In stock
Our Band Could Be ...,"Three, out of Five",£57.25,In stock
Olio,"One, out of Five",£23.88,In stock
Mesaerion: The Best Science ...,"One, out of Five",£37.59,In stock
Libertarianism for Beginners,"Two, out of Five",£51.33,In stock
It's Only the Himalayas,"Two, out of Five",£45.17,In stock
In Her Wake,"One, out of Five",£12.84,In stock
How Music Works,"Two, out of Five",£37.32,In stock
Foolproof Preserving: A Guide ...,"Three, out of Five",£30.52,In stock
Chase Me (Paris Nights ...,"Five, out of Five",£25.27,In stock
Black Dust,"Five, out of Five",£34.53,In stock
Birdsong: A Story in ...,"Three, out of Five",£54.64,In stock
America's Cradle of Quarterbacks: ...,"Three, out of Five",£22.50,In stock
Aladdin and His Wonderful ...,"Three, out of Five",£53.13,In stock
Worlds Elsewhere: Journeys Around ...,"Five, out of Five",£40.30,In stock
Wall and Piece,"Four, out of Five",£44.18,In stock
The Four Agreements: A ...,"Five, out of Five",£17.66,In stock
The Five Love Languages: ...,"Three, out of Five",£31.05,In stock
The Elephant Tree,"Five, out of Five",£23.82,In stock
The Bear and the ...,"One, out of Five",£36.89,In stock
Sophie's World,"Five, out of Five",£15.94,In stock
Penny Maybe,"Three, out of Five",£33.29,In stock
Maude (1883-1993):She Grew Up ...,"Two, out of Five",£18.02,In stock
"In a Dark, Dark ...","One, out of Five",£19.63,In stock
Behind Closed Doors,"Four, out of Five",£52.22,In stock
You can't bury them ...,"Two, out of Five",£33.63,In stock
Slow States of Collapse: ...,"Three, out of Five",£57.31,In stock
Reasons to Stay Alive,"Two, out of Five",£26.41,In stock
Private Paris (Private #10),"Five, out of Five",£47.61,In stock
#HigherSelfie: Wake Up Your ...,"Five, out of Five",£23.11,In stock
Without Borders (Wanderlove #1),"Two, out of Five",£45.07,In stock
When We Collided,"One, out of Five",£31.77,In stock
"We Love You, Charlie ...","Five, out of Five",£50.27,In stock
Untitled Collection: Sabbath Poems ...,"Four, out of Five",£14.27,In stock
Unseen City: The Majesty ...,"Four, out of Five",£44.18,In stock
Unicorn Tracks,"Three, out of Five",£18.78,In stock
Unbound: How Eight Technologies ...,"One, out of Five",£25.52,In stock
Tsubasa: WoRLD CHRoNiCLE 2 ...,"One, out of Five",£16.28,In stock
Throwing Rocks at the ...,"Three, out of Five",£31.12,In stock
This One Summer,"Four, out of Five",£19.49,In stock
Thirst,"Five, out of Five",£17.27,In stock
The Torch Is Passed: ...,"One, out of Five",£19.09,In stock
The Secret of Dreadwillow ...,"One, out of Five",£56.13,In stock
The Pioneer Woman Cooks: ...,"One, out of Five",£56.41,In stock
The Past Never Ends,"Four, out of Five",£56.50,In stock
The Natural History of ...,"Three, out of Five",£45.22,In stock
The Nameless City (The ...,"Four, out of Five",£38.16,In stock
The Murder That Never ...,"Three, out of Five",£54.11,In stock
The Most Perfect Thing: ...,"Four, out of Five",£42.96,In stock
The Mindfulness and Acceptance ...,"Four, out of Five",£23.89,In stock
The Life-Changing Magic of ...,"Three, out of Five",£16.77,In stock
The Inefficiency Assassin: Time ...,"Five, out of Five",£20.59,In stock
The Gutsy Girl: Escapades ...,"One, out of Five",£37.13,In stock
The Electric Pencil: Drawings ...,"One, out of Five",£56.06,In stock
The Death of Humanity: ...,"Four, out of Five",£58.11,In stock
The Bulletproof Diet: Lose ...,"Three, out of Five",£49.05,In stock
The Art Forger,"Three, out of Five",£40.76,In stock
The Age of Genius: ...,"One, out of Five",£19.73,In stock
The Activist's Tao Te ...,"Five, out of Five",£32.24,In stock
Spark Joy: An Illustrated ...,"Four, out of Five",£41.83,In stock
Soul Reader,"Two, out of Five",£39.58,In stock
Security,"Two, out of Five",£39.25,In stock
"Saga, Volume 6 (Saga ...","Three, out of Five",£25.02,In stock
"Saga, Volume 5 (Saga ...","Two, out of Five",£51.04,In stock
Reskilling America: Learning to ...,"Two, out of Five",£19.83,In stock
"Rat Queens, Vol. 3: ...","Three, out of Five",£50.40,In stock
"Princess Jellyfish 2-in-1 Omnibus, ...","Five, out of Five",£13.61,In stock
Princess Between Worlds (Wide-Awake ...,"Five, out of Five",£13.34,In stock
"Pop Gun War, Volume ...","One, out of Five",£18.97,In stock
"Political Suicide: Missteps, Peccadilloes, ...","Two, out of Five",£36.28,In stock
Patience,"Three, out of Five",£10.16,In stock
"Outcast, Vol. 1: A ...","Four, out of Five",£15.44,In stock
orange: The Complete Collection ...,"One, out of Five",£48.41,In stock
Online Marketing for Busy ...,"One, out of Five",£46.35,In stock
On a Midnight Clear,"Three, out of Five",£14.07,In stock
Obsidian (Lux #1),"Two, out of Five",£14.86,In stock
My Paris Kitchen: Recipes ...,"Two, out of Five",£33.37,In stock
Masks and Shadows,"Two, out of Five",£56.40,In stock
Mama Tried: Traditional Italian ...,"Four, out of Five",£14.02,In stock
"Lumberjanes, Vol. 2: Friendship ...","Two, out of Five",£46.91,In stock
"Lumberjanes, Vol. 1: Beware ...","Three, out of Five",£45.61,In stock
Lumberjanes Vol. 3: A ...,"Two, out of Five",£19.92,In stock
"Layered: Baking, Building, and ...","One, out of Five",£40.11,In stock
Judo: Seven Steps to ...,"Two, out of Five",£53.90,In stock
Join,"Five, out of Five",£35.67,In stock
In the Country We ...,"Four, out of Five",£22.00,In stock
Immunity: How Elie Metchnikoff ...,"Five, out of Five",£57.36,In stock
"I Hate Fairyland, Vol. ...","Two, out of Five",£29.17,In stock
I am a Hero ...,"Three, out of Five",£54.63,In stock
How to Be Miserable: ...,"One, out of Five",£46.03,In stock
Her Backup Boyfriend (The ...,"One, out of Five",£33.97,In stock
"Giant Days, Vol. 2 ...","Two, out of Five",£22.11,In stock
Forever and Forever: The ...,"Three, out of Five",£29.69,In stock
First and First (Five ...,"Four, out of Five",£15.97,In stock
Fifty Shades Darker (Fifty ...,"One, out of Five",£21.96,In stock
Everydata: The Misinformation Hidden ...,"Two, out of Five",£54.35,In stock
Don't Be a Jerk: ...,"Two, out of Five",£37.97,In stock
Danganronpa Volume 1,"Four, out of Five",£51.99,In stock
Crown of Midnight (Throne ...,"Three, out of Five",£43.29,In stock
"Codename Baboushka, Volume 1: ...","Four, out of Five",£36.72,In stock
Camp Midnight,"Four, out of Five",£17.08,In stock
Call the Nurse: True ...,"Five, out of Five",£29.14,In stock
Burning,"Three, out of Five",£28.81,In stock
Bossypants,"Two, out of Five",£49.46,In stock
"Bitch Planet, Vol. 1: ...","Two, out of Five",£37.92,In stock
Avatar: The Last Airbender: ...,"Two, out of Five",£28.09,In stock
Algorithms to Live By: ...,"One, out of Five",£30.81,In stock
A World of Flavor: ...,"One, out of Five",£42.95,In stock
"A Piece of Sky, ...","Five, out of Five",£56.76,In stock
A Murder in Time,"One, out of Five",£16.64,In stock
A Flight of Arrows ...,"Five, out of Five",£55.53,In stock
A Fierce and Subtle ...,"Four, out of Five",£28.13,In stock
A Court of Thorns ...,"One, out of Five",£52.37,In stock
(Un)Qualified: How God Uses ...,"Five, out of Five",£54.00,In stock
You Are What You ...,"Four, out of Five",£21.87,In stock
William Shakespeare's Star Wars: ...,"Four, out of Five",£43.30,In stock
Tuesday Nights in 1980,"Two, out of Five",£21.04,In stock
Tracing Numbers on a ...,"Three, out of Five",£41.60,In stock
Throne of Glass (Throne ...,"Three, out of Five",£35.07,In stock
Thomas Jefferson and the ...,"One, out of Five",£59.64,In stock
Thirteen Reasons Why,"One, out of Five",£52.72,In stock
The White Cat and ...,"Four, out of Five",£58.08,In stock
The Wedding Dress,"One, out of Five",£24.12,In stock
The Vacationers,"Four, out of Five",£42.15,In stock
The Third Wave: An ...,"Five, out of Five",£12.61,In stock
The Stranger,"Four, out of Five",£17.44,In stock
The Shadow Hero (The ...,"One, out of Five",£33.14,In stock
The Secret (The Secret ...,"Four, out of Five",£27.37,In stock
The Regional Office Is ...,"Five, out of Five",£51.36,In stock
The Psychopath Test: A ...,"Two, out of Five",£36.00,In stock
The Project,"One, out of Five",£10.65,In stock
The Power of Now: ...,"Two, out of Five",£43.54,In stock
The Omnivore's Dilemma: A ...,"Two, out of Five",£38.21,In stock
The Nerdy Nummies Cookbook: ...,"Five, out of Five",£37.34,In stock
The Murder of Roger ...,"Four, out of Five",£44.10,In stock
The Mistake (Off-Campus #2),"Three, out of Five",£43.29,In stock
The Matchmaker's Playbook (Wingmen ...,"One, out of Five",£55.85,In stock
The Love and Lemons ...,"Two, out of Five",£37.60,In stock
The Long Shadow of ...,"One, out of Five",£10.97,In stock
The Kite Runner,"Four, out of Five",£41.82,In stock
The House by the ...,"One, out of Five",£36.95,In stock
The Glittering Court (The ...,"One, out of Five",£44.28,In stock
The Girl on the ...,"Two, out of Five",£55.02,In stock
The Genius of Birds,"One, out of Five",£17.24,In stock
The Emerald Mystery,"Two, out of Five",£23.15,In stock
The Cookies & Cups ...,"One, out of Five",£41.25,In stock
The Bridge to Consciousness: ...,"Three, out of Five",£32.00,In stock
The Artist's Way: A ...,"Five, out of Five",£38.49,In stock
The Art of War,"Five, out of Five",£33.34,In stock
The Argonauts,"Two, out of Five",£10.93,In stock
The 10% Entrepreneur: Live ...,"Three, out of Five",£27.55,In stock
Suddenly in Love (Lake ...,"Two, out of Five",£55.99,In stock
Something More Than This,"Four, out of Five",£16.24,In stock
Soft Apocalypse,"Two, out of Five",£26.12,In stock
So You've Been Publicly ...,"Two, out of Five",£12.23,In stock
Shoe Dog: A Memoir ...,"Two, out of Five",£23.99,In stock
"Shobu Samurai, Project Aryoku ...","Three, out of Five",£29.06,In stock
Secrets and Lace (Fatal ...,"One, out of Five",£20.27,In stock
Scarlett Epstein Hates It ...,"Five, out of Five",£43.55,In stock
Romero and Juliet: A ...,"One, out of Five",£36.94,In stock
Redeeming Love,"Five, out of Five",£20.47,In stock
Poses for Artists Volume ...,"One, out of Five",£41.06,In stock
Poems That Make Grown ...,"Four, out of Five",£14.19,In stock
"Nightingale, Sing","One, out of Five",£38.28,In stock
Night Sky with Exit ...,"One, out of Five",£41.05,In stock
Mrs. Houdini,"Five, out of Five",£30.25,In stock
Modern Romance,"Five, out of Five",£28.26,In stock
Miss Peregrine’s Home for ...,"One, out of Five",£10.76,In stock
Louisa: The Extraordinary Life ...,"Two, out of Five",£16.85,In stock
Little Red,"Three, out of Five",£13.47,In stock
Library of Souls (Miss ...,"Five, out of Five",£48.56,In stock
Large Print Heart of ...,"Two, out of Five",£19.15,In stock
I Had a Nice ...,"Four, out of Five",£57.36,In stock
Hollow City (Miss Peregrine’s ...,"One, out of Five",£42.98,In stock
Grumbles,"Two, out of Five",£22.16,In stock
Full Moon over Noah’s ...,"Four, out of Five",£49.43,In stock
Frostbite (Vampire Academy #2),"Five, out of Five",£29.99,In stock
Follow You Home,"One, out of Five",£21.36,In stock
First Steps for New ...,"One, out of Five",£29.00,In stock
Finders Keepers (Bill Hodges ...,"Five, out of Five",£53.53,In stock
"Fables, Vol. 1: Legends ...","Four, out of Five",£41.62,In stock
Eureka Trivia 6.0,"Four, out of Five",£54.59,In stock
Drive: The Surprising Truth ...,"Four, out of Five",£34.95,In stock
Done Rubbed Out (Reightman ...,"Five, out of Five",£37.72,In stock
Doing It Over (Most ...,"Three, out of Five",£35.61,In stock
Deliciously Ella Every Day: ...,"Three, out of Five",£42.16,In stock
Dark Notes,"Five, out of Five",£19.19,In stock
Daring Greatly: How the ...,"Three, out of Five",£19.43,In stock
Close to You,"Four, out of Five",£49.46,In stock
Chasing Heaven: What Dying ...,"Two, out of Five",£37.80,In stock
Big Magic: Creative Living ...,"Three, out of Five",£30.80,In stock
Becoming Wise: An Inquiry ...,"Two, out of Five",£27.43,In stock
Beauty Restored (Riley Family ...,"Two, out of Five",£11.11,In stock
Batman: The Long Halloween ...,"Two, out of Five",£36.50,In stock
Batman: The Dark Knight ...,"Five, out of Five",£15.38,In stock
Ayumi's Violin,"Two, out of Five",£15.48,In stock
Anonymous,"Four, out of Five",£46.82,In stock
Amy Meets the Saints ...,"Three, out of Five",£18.46,In stock
Amid the Chaos,"One, out of Five",£36.58,In stock
Amatus,"Five, out of Five",£50.54,In stock
Agnostic: A Spirited Manifesto,"Five, out of Five",£12.51,In stock
Zealot: The Life and ...,"Three, out of Five",£24.70,In stock
You (You #1),"Five, out of Five",£43.61,In stock
"Wonder Woman: Earth One, ...","Four, out of Five",£37.34,In stock
Wild Swans,"Two, out of Five",£14.36,In stock
Why the Right Went ...,"Four, out of Five",£52.65,In stock
Whole Lotta Creativity Going ...,"Four, out of Five",£38.20,In stock
What's It Like in ...,"Two, out of Five",£19.60,In stock
"We Are Robin, Vol. ...","One, out of Five",£53.90,In stock
Walt Disney's Alice in ...,"Five, out of Five",£12.96,In stock
V for Vendetta (V ...,"Four, out of Five",£37.10,In stock
Until Friday Night (The ...,"Two, out of Five",£46.31,In stock
Unbroken: A World War ...,"Two, out of Five",£45.95,In stock
Twenty Yawns,"Two, out of Five",£22.08,In stock
Through the Woods,"Two, out of Five",£25.38,In stock
This Is Where It ...,"Two, out of Five",£27.12,In stock
The Year of Magical ...,"Two, out of Five",£43.04,In stock
The Wright Brothers,"Four, out of Five",£56.80,In stock
The White Queen (The ...,"Five, out of Five",£25.91,In stock
The Wedding Pact (The ...,"Three, out of Five",£32.61,In stock
The Time Keeper,"Five, out of Five",£27.88,In stock
The Testament of Mary,"Four, out of Five",£52.67,In stock
The Star-Touched Queen,"Five, out of Five",£46.02,In stock
The Songs of the ...,"Five, out of Five",£44.48,In stock
The Song of Achilles,"Five, out of Five",£37.40,In stock
The Rosie Project (Don ...,"One, out of Five",£54.04,In stock
The Power of Habit: ...,"Three, out of Five",£16.88,In stock
The Marriage of Opposites,"Four, out of Five",£28.08,In stock
The Lucifer Effect: Understanding ...,"One, out of Five",£10.40,In stock
The Long Haul (Diary ...,"One, out of Five",£44.07,In stock
The Loney,"One, out of Five",£23.40,In stock
The Literature Book (Big ...,"Three, out of Five",£17.43,In stock
The Last Mile (Amos ...,"Two, out of Five",£54.21,In stock
The Immortal Life of ...,"Two, out of Five",£40.67,In stock
The Hidden Oracle (The ...,"Two, out of Five",£52.26,In stock
The Help Yourself Cookbook ...,"Three, out of Five",£28.77,In stock
The Guilty (Will Robie ...,"Two, out of Five",£13.82,In stock
The First Hostage (J.B. ...,"Three, out of Five",£25.85,In stock
The Dovekeepers,"One, out of Five",£48.78,In stock
The Darkest Lie,"Five, out of Five",£35.35,In stock
The Bane Chronicles (The ...,"Four, out of Five",£44.73,In stock
The Bad-Ass Librarians of ...,"One, out of Five",£15.77,In stock
The 14th Colony (Cotton ...,"One, out of Five",£39.24,In stock
That Darkness (Gardiner and ...,"One, out of Five",£13.92,In stock
Tastes Like Fear (DI ...,"One, out of Five",£10.69,In stock
Take Me with You,"Three, out of Five",£45.21,In stock
Swell: A Year of ...,"One, out of Five",£45.58,In stock
Superman Vol. 1: Before ...,"Five, out of Five",£11.89,In stock
Still Life with Bread ...,"Three, out of Five",£26.41,In stock
Steve Jobs,"Five, out of Five",£39.50,In stock
Sorting the Beef from ...,"Four, out of Five",£44.74,In stock
Someone Like You (The ...,"Five, out of Five",£52.79,In stock
"So Cute It Hurts!!, ...","Four, out of Five",£35.43,In stock
Shtum,"Four, out of Five",£55.84,In stock
See America: A Celebration ...,"Three, out of Five",£48.87,In stock
salt.,"Four, out of Five",£46.78,In stock
Robin War,"Three, out of Five",£47.82,In stock
"Red Hood/Arsenal, Vol. 1: ...","Two, out of Five",£25.48,In stock
Rain Fish,"Three, out of Five",£23.57,In stock
Quarter Life Poetry: Poems ...,"Five, out of Five",£50.89,In stock
Pet Sematary,"Three, out of Five",£10.56,In stock
"Overload: How to Unplug, ...","Three, out of Five",£52.15,In stock
Once Was a Time,"Two, out of Five",£18.28,In stock
Old School (Diary of ...,"Five, out of Five",£11.83,In stock
No Dream Is Too ...,"Two, out of Five",£21.95,In stock
"Naruto (3-in-1 Edition), Vol. ...","Two, out of Five",£38.39,In stock
My Name Is Lucy ...,"One, out of Five",£41.56,In stock
My Mrs. Brown,"Three, out of Five",£24.48,In stock
My Kind of Crazy,"One, out of Five",£40.36,In stock
Mr. Mercedes (Bill Hodges ...,"One, out of Five",£28.90,In stock
More Than Music (Chasing ...,"Two, out of Five",£37.61,In stock
Made to Stick: Why ...,"Five, out of Five",£38.85,In stock
Luis Paints the World,"Three, out of Five",£53.95,In stock
Luckiest Girl Alive,"Three, out of Five",£49.83,In stock
Lowriders to the Center ...,"Two, out of Five",£51.51,In stock
Love Is a Mix ...,"One, out of Five",£18.03,In stock
Looking for Lovely: Collecting ...,"Five, out of Five",£29.14,In stock
Living Leadership by Insight: ...,"Four, out of Five",£46.91,In stock
Let It Out: A ...,"Five, out of Five",£26.79,In stock
Lady Midnight (The Dark ...,"Five, out of Five",£16.28,In stock
"It's All Easy: Healthy, ...","One, out of Five",£19.55,In stock
Island of Dragons (Unwanteds ...,"One, out of Five",£29.65,In stock
I Know What I'm ...,"Four, out of Five",£25.98,In stock
I Am Pilgrim (Pilgrim ...,"Four, out of Five",£10.60,In stock
Hyperbole and a Half: ...,"Five, out of Five",£14.75,In stock
"Hush, Hush (Hush, Hush ...","Three, out of Five",£47.02,In stock
Hold Your Breath (Search ...,"One, out of Five",£28.82,In stock
Hamilton: The Revolution,"Three, out of Five",£58.79,In stock
Greek Mythic History,"Five, out of Five",£10.23,In stock
God: The Most Unpleasant ...,"Five, out of Five",£30.03,In stock
Glory over Everything: Beyond ...,"Three, out of Five",£45.84,In stock
Feathers: Displays of Brilliant ...,"Three, out of Five",£49.05,In stock
Far & Away: Places ...,"Four, out of Five",£15.06,In stock
Every Last Word,"Three, out of Five",£46.47,In stock
Eligible (The Austen Project ...,"Three, out of Five",£27.09,In stock
El Deafo,"Five, out of Five",£57.62,In stock
Eight Hundred Grapes,"Four, out of Five",£14.39,In stock
Eaternity: More than 150 ...,"Five, out of Five",£51.75,In stock
"Eat Fat, Get Thin","Two, out of Five",£54.07,In stock
Don't Get Caught,"One, out of Five",£55.35,In stock
Doctor Sleep (The Shining ...,"Two, out of Five",£40.12,In stock
Demigods & Magicians: Percy ...,"Five, out of Five",£37.51,In stock
Dear Mr. Knightley,"Five, out of Five",£11.21,In stock
Daily Fantasy Sports,"One, out of Five",£36.58,In stock
Crazy Love: Overwhelmed by ...,"Two, out of Five",£47.72,In stock
Cometh the Hour (The ...,"Three, out of Five",£25.01,In stock
Code Name Verity (Code ...,"Four, out of Five",£22.13,In stock
Clockwork Angel (The Infernal ...,"One, out of Five",£44.14,In stock
City of Glass (The ...,"Four, out of Five",£56.02,In stock
City of Fallen Angels ...,"Four, out of Five",£11.23,In stock
City of Bones (The ...,"One, out of Five",£43.28,In stock
City of Ashes (The ...,"One, out of Five",£47.27,In stock
Cell,"Four, out of Five",£20.29,In stock
Catching Jordan (Hundred Oaks),"Three, out of Five",£50.83,In stock
"Carry On, Warrior: Thoughts ...","Three, out of Five",£31.85,In stock
Carrie,"Two, out of Five",£46.23,In stock
Buying In: The Secret ...,"Four, out of Five",£37.80,In stock
Brain on Fire: My ...,"Five, out of Five",£49.32,In stock
Batman: Europa,"Two, out of Five",£32.01,In stock
Barefoot Contessa Back to ...,"One, out of Five",£28.01,In stock
Barefoot Contessa at Home: ...,"Five, out of Five",£50.62,In stock
Balloon Animals,"Three, out of Five",£17.03,In stock
Art Ops Vol. 1,"Three, out of Five",£48.80,In stock
Aristotle and Dante Discover ...,"Four, out of Five",£58.14,In stock
Angels Walking (Angels Walking ...,"Two, out of Five",£34.20,In stock
Angels & Demons (Robert ...,"Three, out of Five",£51.48,In stock
All the Light We ...,"Five, out of Five",£29.87,In stock
Adulthood Is a Myth: ...,"Two, out of Five",£10.90,In stock
Abstract City,"Five, out of Five",£56.37,In stock
A Time of Torment ...,"Five, out of Five",£48.35,In stock
A Study in Scarlet ...,"Two, out of Five",£16.73,In stock
A Series of Catastrophes ...,"Two, out of Five",£56.48,In stock
A People's History of ...,"Two, out of Five",£40.79,In stock
A Man Called Ove,"One, out of Five",£39.72,In stock
A Distant Mirror: The ...,"Three, out of Five",£14.58,In stock
A Brush of Wings ...,"One, out of Five",£55.51,In stock
1491: New Revelations of ...,"Three, out of Five",£21.80,In stock
"The Three Searches, Meaning, ...","Three, out of Five",£13.33,In stock
Searching for Meaning in ...,"One, out of Five",£38.73,In stock
Rook,"Four, out of Five",£37.86,In stock
My Kitchen Year: 136 ...,"Two, out of Five",£11.53,In stock
13 Hours: The Inside ...,"One, out of Five",£27.06,In stock
Will You Won't You ...,"Three, out of Five",£13.86,In stock
Tipping Point for Planet ...,"One, out of Five",£37.55,In stock
The Star-Touched Queen,"Five, out of Five",£32.30,In stock
The Silent Sister (Riley ...,"Five, out of Five",£46.29,In stock
The Midnight Watch: A ...,"One, out of Five",£26.20,In stock
The Lonely City: Adventures ...,"Two, out of Five",£33.26,In stock
The Gray Rhino: How ...,"Four, out of Five",£59.15,In stock
The Golden Condom: And ...,"One, out of Five",£39.43,In stock
The Epidemic (The Program ...,"Five, out of Five",£14.44,In stock
The Dinner Party,"Two, out of Five",£56.54,In stock
The Diary of a ...,"Three, out of Five",£59.90,In stock
The Children,"Three, out of Five",£11.88,In stock
Stars Above (The Lunar ...,"Two, out of Five",£48.05,In stock
Snatched: How A Drug ...,"Three, out of Five",£21.21,In stock
Raspberry Pi Electronics Projects ...,"Four, out of Five",£49.67,In stock
Quench Your Own Thirst: ...,"One, out of Five",£43.14,In stock
Psycho: Sanitarium (Psycho #1.5),"Five, out of Five",£36.97,In stock
Poisonous (Max Revere Novels ...,"Three, out of Five",£26.80,In stock
One with You (Crossfire ...,"Four, out of Five",£15.71,In stock
No Love Allowed (Dodge ...,"Four, out of Five",£54.65,In stock
Murder at the 42nd ...,"Four, out of Five",£54.36,In stock
Most Wanted,"Three, out of Five",£35.28,In stock
"Love, Lies and Spies","Two, out of Five",£20.55,In stock
How to Speak Golf: ...,"Five, out of Five",£58.32,In stock
Hide Away (Eve Duncan ...,"One, out of Five",£11.84,In stock
Furiously Happy: A Funny ...,"Four, out of Five",£41.46,In stock
Everyday Italian: 125 Simple ...,"Five, out of Five",£20.10,In stock
Equal Is Unfair: America's ...,"One, out of Five",£56.86,In stock
Eleanor & Park,"Five, out of Five",£56.51,In stock
Dirty (Dive Bar #1),"Four, out of Five",£40.83,In stock
Can You Keep a ...,"One, out of Five",£48.64,In stock
Boar Island (Anna Pigeon ...,"Three, out of Five",£59.48,In stock
A Paris Apartment,"Four, out of Five",£39.01,In stock
A la Mode: 120 ...,"One, out of Five",£38.77,In stock
Troublemaker: Surviving Hollywood and ...,"Two, out of Five",£48.39,In stock
The Widow,"Two, out of Five",£27.26,In stock
The Sleep Revolution: Transforming ...,"Four, out of Five",£11.68,In stock
The Improbability of Love,"One, out of Five",£59.45,In stock
The Art of Startup ...,"Three, out of Five",£21.00,In stock
Take Me Home Tonight ...,"Three, out of Five",£53.98,In stock
Sleeping Giants (Themis Files ...,"One, out of Five",£48.74,In stock
Setting the World on ...,"Two, out of Five",£21.15,In stock
Playing with Fire,"Three, out of Five",£13.71,In stock
Off the Hook (Fishing ...,"Three, out of Five",£47.67,In stock
Mothering Sunday,"Two, out of Five",£13.34,In stock
"Mother, Can You Not?","Five, out of Five",£16.89,In stock
M Train,"One, out of Five",£27.18,In stock
Lilac Girls,"Two, out of Five",£17.28,In stock
Lies and Other Acts ...,"One, out of Five",£45.14,In stock
Lab Girl,"One, out of Five",£40.85,In stock
Keep Me Posted,"Four, out of Five",£20.46,In stock
It Didn't Start with ...,"Three, out of Five",£56.27,In stock
Grey (Fifty Shades #4),"Four, out of Five",£48.49,In stock
"Exit, Pursued by a ...","Four, out of Five",£51.34,In stock
Daredevils,"Three, out of Five",£16.34,In stock
Cravings: Recipes for What ...,"Three, out of Five",£20.50,In stock
Born for This: How ...,"Five, out of Five",£21.59,In stock
Arena,"Four, out of Five",£21.36,In stock
Adultery,"Five, out of Five",£20.88,In stock
A Mother's Reckoning: Living ...,"Three, out of Five",£19.53,In stock
A Gentleman's Position (Society ...,"Five, out of Five",£14.75,In stock
11/22/63,"Three, out of Five",£48.48,In stock
10% Happier: How I ...,"Two, out of Five",£24.57,In stock
10-Day Green Smoothie Cleanse: ...,"Five, out of Five",£49.71,In stock
Without Shame,"Five, out of Five",£48.27,In stock
Watchmen,"Four, out of Five",£58.05,In stock
Unlimited Intuition Now,"Four, out of Five",£58.87,In stock
Underlying Notes,"Two, out of Five",£11.82,In stock
The Shack,"One, out of Five",£28.03,In stock
The New Brand You: ...,"Five, out of Five",£44.05,In stock
The Moosewood Cookbook: Recipes ...,"Four, out of Five",£12.34,In stock
The Flowers Lied,"Two, out of Five",£16.68,In stock
The Fabric of the ...,"One, out of Five",£55.91,In stock
The Book of Mormon,"Three, out of Five",£24.57,In stock
The Art and Science ...,"Five, out of Five",£52.98,In stock
The Alien Club,"One, out of Five",£54.40,In stock
Suzie Snowflake: One beautiful ...,"Five, out of Five",£54.81,In stock
Nap-a-Roo,"One, out of Five",£25.08,In stock
NaNo What Now? Finding ...,"Four, out of Five",£10.41,In stock
Modern Day Fables,"Two, out of Five",£47.44,In stock
If I Gave You ...,"One, out of Five",£20.91,In stock
"Fruits Basket, Vol. 9 ...","Four, out of Five",£33.95,In stock
Dress Your Family in ...,"Three, out of Five",£43.68,In stock
Don't Forget Steven,"One, out of Five",£33.23,In stock
Chernobyl 01:23:40: The Incredible ...,"Two, out of Five",£35.92,In stock
Art and Fear: Observations ...,"Four, out of Five",£48.63,In stock
A Shard of Ice ...,"Three, out of Five",£56.63,In stock
A Hero's Curse (The ...,"Three, out of Five",£50.49,In stock
23 Degrees South: A ...,"Two, out of Five",£35.79,In stock
Zero to One: Notes ...,"Three, out of Five",£34.06,In stock
Why Not Me?,"One, out of Five",£17.76,In stock
When Breath Becomes Air,"Two, out of Five",£39.36,In stock
Vagabonding: An Uncommon Guide ...,"Two, out of Five",£36.94,In stock
The Unlikely Pilgrimage of ...,"Five, out of Five",£43.62,In stock
The New Drawing on ...,"Three, out of Five",£43.02,In stock
"The Midnight Assassin: Panic, ...","Four, out of Five",£28.45,In stock
The Martian (The Martian ...,"Two, out of Five",£41.39,In stock
The High Mountains of ...,"One, out of Five",£51.15,In stock
The Grownup,"One, out of Five",£35.88,In stock
The E-Myth Revisited: Why ...,"One, out of Five",£36.91,In stock
South of Sunshine,"One, out of Five",£28.93,In stock
Smarter Faster Better: The ...,"Five, out of Five",£38.89,In stock
Silence in the Dark ...,"Three, out of Five",£58.33,In stock
Shadows of the Past ...,"Five, out of Five",£39.67,In stock
Roller Girl,"Five, out of Five",£14.10,In stock
Rising Strong,"Three, out of Five",£21.82,In stock
Proofs of God: Classical ...,"One, out of Five",£54.21,In stock
Please Kill Me: The ...,"Four, out of Five",£31.19,In stock
Out of Print: City ...,"Five, out of Five",£53.64,In stock
My Life Next Door ...,"Five, out of Five",£36.39,In stock
Miller's Valley,"Two, out of Five",£58.54,In stock
Man's Search for Meaning,"Three, out of Five",£29.48,In stock
Love That Boy: What ...,"Two, out of Five",£25.06,In stock
Living Forward: A Proven ...,"Three, out of Five",£12.55,In stock
Les Fleurs du Mal,"Five, out of Five",£29.04,In stock
Left Behind (Left Behind ...,"Two, out of Five",£40.72,In stock
Kill 'Em and Leave: ...,"Five, out of Five",£45.05,In stock
Kierkegaard: A Christian Missionary ...,"One, out of Five",£47.13,In stock
John Vassos: Industrial Design ...,"Four, out of Five",£20.22,In stock
I'll Give You the ...,"One, out of Five",£56.48,In stock
I Will Find You,"One, out of Five",£44.21,In stock
Hystopia: A Novel,"Four, out of Five",£21.96,In stock
Howl and Other Poems,"Two, out of Five",£40.45,In stock
History of Beauty,"Four, out of Five",£10.29,In stock
Heaven is for Real: ...,"Two, out of Five",£52.86,In stock
Future Shock (Future Shock ...,"Five, out of Five",£55.65,In stock
Ender's Game (The Ender ...,"One, out of Five",£43.64,In stock
Diary of a Citizen ...,"One, out of Five",£28.41,In stock
Death by Leisure: A ...,"Four, out of Five",£37.51,In stock
Brilliant Beacons: A History ...,"Three, out of Five",£11.45,In stock
Brazen: The Courage to ...,"Two, out of Five",£19.22,In stock
Between the World and ...,"Four, out of Five",£56.91,In stock
Being Mortal: Medicine and ...,"Four, out of Five",£55.06,In stock
A Murder Over a ...,"Three, out of Five",£13.20,In stock
32 Yolks,"Two, out of Five",£53.63,In stock
"""Most Blessed of the ...","Five, out of Five",£44.48,In stock
You Are a Badass: ...,"Three, out of Five",£12.08,In stock
Wildlife of New York: ...,"Two, out of Five",£22.14,In stock
What Happened on Beale ...,"Five, out of Five",£25.37,In stock
Unreasonable Hope: Finding Faith ...,"Two, out of Five",£46.33,In stock
Under the Tuscan Sun,"Three, out of Five",£37.33,In stock
Toddlers Are A**holes: It's ...,"One, out of Five",£25.55,In stock
The Year of Living ...,"One, out of Five",£34.72,In stock
The Whale,"Four, out of Five",£35.96,In stock
The Story of Art,"Four, out of Five",£41.14,In stock
The Origin of Species,"Four, out of Five",£10.01,In stock
The Great Gatsby,"Four, out of Five",£36.05,In stock
The Good Girl,"Three, out of Five",£49.03,In stock
The Glass Castle,"One, out of Five",£16.24,In stock
The Faith of Christopher ...,"One, out of Five",£39.55,In stock
The Drowning Girls,"Three, out of Five",£35.67,In stock
The Constant Princess (The ...,"Three, out of Five",£16.62,In stock
The Bourne Identity (Jason ...,"Four, out of Five",£42.78,In stock
The Bachelor Girl's Guide ...,"Five, out of Five",£52.30,In stock
The Art Book,"Two, out of Five",£32.34,In stock
The 7 Habits of ...,"Four, out of Five",£33.17,In stock
Team of Rivals: The ...,"Five, out of Five",£20.12,In stock
Steal Like an Artist: ...,"Two, out of Five",£20.90,In stock
"Sit, Stay, Love","Three, out of Five",£20.90,In stock
Sister Dear,"Four, out of Five",£40.20,In stock
"Shrunken Treasures: Literary Classics, ...","Three, out of Five",£52.87,In stock
"Rich Dad, Poor Dad","One, out of Five",£51.74,In stock
Raymie Nightingale,"Two, out of Five",£34.41,In stock
Playing from the Heart,"One, out of Five",£32.38,In stock
Nightstruck: A Novel,"Four, out of Five",£50.35,In stock
Naturally Lean: 125 Nourishing ...,"Five, out of Five",£11.38,In stock
Meternity,"Three, out of Five",£43.58,In stock
Memoirs of a Geisha,"Three, out of Five",£49.67,In stock
Like Never Before (Walker ...,"Two, out of Five",£28.77,In stock
Life of Pi,"Four, out of Five",£13.22,In stock
Leave This Song Behind: ...,"Five, out of Five",£51.17,In stock
King's Folly (The Kinsman ...,"Five, out of Five",£39.61,In stock
John Adams,"Four, out of Five",£57.43,In stock
How to Cook Everything ...,"Four, out of Five",£46.01,In stock
How to Be a ...,"Two, out of Five",£28.25,In stock
Good in Bed (Cannie ...,"Five, out of Five",£37.05,In stock
"Fruits Basket, Vol. 7 ...","One, out of Five",£19.57,In stock
For the Love: Fighting ...,"Three, out of Five",£45.13,In stock
Finding God in the ...,"Two, out of Five",£46.64,In stock
Every Heart a Doorway ...,"Five, out of Five",£12.16,In stock
Delivering the Truth (Quaker ...,"Four, out of Five",£20.89,In stock
Counted With the Stars ...,"Five, out of Five",£17.97,In stock
"Chronicles, Vol. 1","Two, out of Five",£52.60,In stock
Blue Like Jazz: Nonreligious ...,"One, out of Five",£25.77,In stock
Benjamin Franklin: An American ...,"Three, out of Five",£48.19,In stock
At The Existentialist Café: ...,"Five, out of Five",£29.93,In stock
A Summer In Europe,"Two, out of Five",£44.34,In stock
A Short History of ...,"Five, out of Five",£52.40,In stock
A Gathering of Shadows ...,"Four, out of Five",£44.81,In stock
The Sound Of Love,"Five, out of Five",£57.84,In stock
The Rise and Fall ...,"Two, out of Five",£39.67,In stock
The Perks of Being ...,"Three, out of Five",£55.02,In stock
The Mysterious Affair at ...,"Four, out of Five",£24.80,In stock
The Man Who Mistook ...,"Four, out of Five",£59.45,In stock
The Makings of a ...,"Two, out of Five",£31.58,In stock
The Joy of Cooking,"Four, out of Five",£43.27,In stock
The Invention of Wings,"One, out of Five",£37.34,In stock
The Hobbit (Middle-Earth Universe),"Five, out of Five",£17.80,In stock
The Great Railway Bazaar,"One, out of Five",£30.54,In stock
The Golden Compass (His ...,"One, out of Five",£18.77,In stock
The God Delusion,"Three, out of Five",£46.85,In stock
The Girl You Left ...,"One, out of Five",£15.79,In stock
The Fellowship of the ...,"Two, out of Five",£10.27,In stock
The Collected Poems of ...,"Five, out of Five",£15.42,In stock
The Barefoot Contessa Cookbook,"Five, out of Five",£59.92,In stock
Tell the Wolves I'm ...,"Two, out of Five",£50.96,In stock
Ship Leaves Harbor: Essays ...,"Three, out of Five",£30.60,In stock
Pride and Prejudice,"Four, out of Five",£19.27,In stock
Musicophilia: Tales of Music ...,"One, out of Five",£46.58,In stock
Mere Christianity,"Three, out of Five",£48.51,In stock
Me Before You (Me ...,"One, out of Five",£19.02,In stock
In the Woods (Dublin ...,"Two, out of Five",£38.38,In stock
In Cold Blood,"Four, out of Five",£49.98,In stock
How to Stop Worrying ...,"Five, out of Five",£46.49,In stock
Give It Back,"Two, out of Five",£18.32,In stock
"Girl, Interrupted","Three, out of Five",£42.14,In stock
Fun Home: A Family ...,"Four, out of Five",£56.59,In stock
"Fruits Basket, Vol. 6 ...","Four, out of Five",£20.96,In stock
Deception Point,"Four, out of Five",£40.32,In stock
"Death Note, Vol. 6: ...","Three, out of Five",£36.39,In stock
Catherine the Great: Portrait ...,"Four, out of Five",£58.55,In stock
Better Homes and Gardens ...,"Three, out of Five",£39.61,In stock
An Unquiet Mind: A ...,"Three, out of Five",£21.30,In stock
A Year in Provence ...,"Four, out of Five",£56.88,In stock
World Without End (The ...,"Four, out of Five",£32.97,In stock
"Will Grayson, Will Grayson ...","Four, out of Five",£47.31,In stock
Why Save the Bankers?: ...,"Two, out of Five",£48.67,In stock
Where She Went (If ...,"Four, out of Five",£41.73,In stock
What If?: Serious Scientific ...,"Four, out of Five",£53.68,In stock
Two Summers,"One, out of Five",£14.64,In stock
This Is Your Brain ...,"One, out of Five",£38.40,In stock
The Secret Garden,"Four, out of Five",£15.08,In stock
The Raven King (The ...,"Two, out of Five",£30.57,In stock
The Raven Boys (The ...,"Four, out of Five",£57.74,In stock
The Power Greens Cookbook: ...,"Five, out of Five",£11.05,In stock
The Metamorphosis,"One, out of Five",£28.58,In stock
The Mathews Men: Seven ...,"Five, out of Five",£42.91,In stock
The Little Paris Bookshop,"Three, out of Five",£24.73,In stock
The Hiding Place,"Four, out of Five",£55.91,In stock
The Grand Design,"Three, out of Five",£13.76,In stock
The Firm,"Three, out of Five",£45.56,In stock
The Fault in Our ...,"One, out of Five",£47.22,In stock
The False Prince (The ...,"Five, out of Five",£56.00,In stock
The Expatriates,"Two, out of Five",£44.58,In stock
The Dream Thieves (The ...,"One, out of Five",£34.50,In stock
The Darkest Corners,"Five, out of Five",£11.33,In stock
The Crossover,"Four, out of Five",£38.77,In stock
The 5th Wave (The ...,"Two, out of Five",£11.83,In stock
Tell the Wind and ...,"Three, out of Five",£45.51,In stock
Tell Me Three Things,"One, out of Five",£41.81,In stock
Talking to Girls About ...,"Four, out of Five",£25.15,In stock
Siddhartha,"Five, out of Five",£34.22,In stock
Shiver (The Wolves of ...,"Five, out of Five",£16.23,In stock
Remember Me?,"Three, out of Five",£11.48,In stock
Red Dragon (Hannibal Lecter ...,"Three, out of Five",£23.37,In stock
Peak: Secrets from the ...,"Two, out of Five",£16.28,In stock
My Mother Was Nuts,"Four, out of Five",£31.63,In stock
Mexican Today: New and ...,"Five, out of Five",£24.91,In stock
Maybe Something Beautiful: How ...,"One, out of Five",£22.54,In stock
Lola and the Boy ...,"Four, out of Five",£23.63,In stock
Logan Kade (Fallen Crest ...,"Two, out of Five",£13.12,In stock
Last One Home (New ...,"Three, out of Five",£59.98,In stock
Killing Floor (Jack Reacher ...,"Four, out of Five",£31.49,In stock
Kill the Boy Band,"Five, out of Five",£15.52,In stock
Isla and the Happily ...,"Five, out of Five",£48.13,In stock
If I Stay (If ...,"Five, out of Five",£38.13,In stock
I Know Why the ...,"Two, out of Five",£36.55,In stock
Harry Potter and the ...,"One, out of Five",£23.32,In stock
"Fruits Basket, Vol. 5 ...","One, out of Five",£16.33,In stock
Foundation (Foundation (Publication Order) ...,"One, out of Five",£32.42,In stock
Fool Me Once,"One, out of Five",£16.96,In stock
Find Her (Detective D.D. ...,"One, out of Five",£22.37,In stock
Evicted: Poverty and Profit ...,"One, out of Five",£42.27,In stock
Drama,"Two, out of Five",£38.70,In stock
Dracula the Un-Dead,"Five, out of Five",£35.63,In stock
Digital Fortress,"Five, out of Five",£58.00,In stock
"Death Note, Vol. 5: ...","One, out of Five",£52.41,In stock
"Data, A Love Story: ...","Three, out of Five",£32.35,In stock
Critique of Pure Reason,"One, out of Five",£20.75,In stock
Booked,"Five, out of Five",£17.49,In stock
"Blue Lily, Lily Blue ...","Five, out of Five",£34.13,In stock
Approval Junkie: Adventures in ...,"Five, out of Five",£58.81,In stock
An Abundance of Katherines,"Five, out of Five",£10.00,In stock
America's War for the ...,"Two, out of Five",£51.22,In stock
Alight (The Generations Trilogy ...,"Four, out of Five",£58.59,In stock
A Girl's Guide to ...,"One, out of Five",£31.30,In stock
A Game of Thrones ...,"Two, out of Five",£46.42,In stock
A Feast for Crows ...,"Four, out of Five",£17.21,In stock
A Clash of Kings ...,"Three, out of Five",£10.79,In stock
Vogue Colors A to ...,"Four, out of Five",£52.35,In stock
The Shining (The Shining ...,"Three, out of Five",£27.88,In stock
The Pilgrim's Progress,"Two, out of Five",£50.26,In stock
The Perfect Play (Play ...,"Three, out of Five",£59.99,In stock
The Passion of Dolssa,"Five, out of Five",£28.32,In stock
The Jazz of Physics: ...,"Three, out of Five",£38.71,In stock
The Hunger Games (The ...,"Five, out of Five",£29.85,In stock
The Hound of the ...,"Two, out of Five",£14.82,In stock
The Gunning of America: ...,"Four, out of Five",£16.81,In stock
The Geography of Bliss: ...,"Two, out of Five",£28.23,In stock
The Demonists (Demonist #1),"Two, out of Five",£52.11,In stock
The Demon Prince of ...,"Two, out of Five",£27.88,In stock
The Bone Hunters (Lexy ...,"Three, out of Five",£59.71,In stock
The Beast (Black Dagger ...,"Five, out of Five",£46.08,In stock
Some Women,"Five, out of Five",£13.73,In stock
Shopaholic Ties the Knot ...,"Five, out of Five",£48.39,In stock
Paper and Fire (The ...,"Five, out of Five",£49.45,In stock
Outlander (Outlander #1),"Five, out of Five",£19.67,In stock
Orchestra of Exiles: The ...,"Three, out of Five",£12.36,In stock
No One Here Gets ...,"Five, out of Five",£20.02,In stock
Night Shift (Night Shift ...,"Four, out of Five",£12.75,In stock
Needful Things,"Four, out of Five",£47.51,In stock
Mockingjay (The Hunger Games ...,"Four, out of Five",£20.44,In stock
Misery,"Two, out of Five",£34.79,In stock
Little Women (Little Women ...,"Four, out of Five",£28.07,In stock
It,"Three, out of Five",£25.01,In stock
Harry Potter and the ...,"Three, out of Five",£13.90,In stock
Harry Potter and the ...,"Four, out of Five",£24.17,In stock
Harry Potter and the ...,"Four, out of Five",£31.63,In stock
Harry Potter and the ...,"Five, out of Five",£48.75,In stock
Harry Potter and the ...,"One, out of Five",£14.74,In stock
Gone with the Wind,"Three, out of Five",£32.49,In stock
God Is Not Great: ...,"One, out of Five",£27.80,In stock
Girl With a Pearl ...,"One, out of Five",£26.77,In stock
"Fruits Basket, Vol. 4 ...","Four, out of Five",£50.44,In stock
Far From True (Promise ...,"Two, out of Five",£34.93,In stock
Dark Lover (Black Dagger ...,"One, out of Five",£12.87,In stock
Confessions of a Shopaholic ...,"Two, out of Five",£48.94,In stock
Changing the Game (Play ...,"Three, out of Five",£13.38,In stock
Candide,"Three, out of Five",£58.63,In stock
Can You Keep a ...,"One, out of Five",£21.94,In stock
Atlas Shrugged,"Five, out of Five",£26.58,In stock
Animal Farm,"Three, out of Five",£57.22,In stock
A Walk to Remember,"One, out of Five",£56.43,In stock
A New Earth: Awakening ...,"Five, out of Five",£55.65,In stock
A History of God: ...,"One, out of Five",£27.62,In stock
'Salem's Lot,"Four, out of Five",£49.56,In stock
Zero History (Blue Ant ...,"One, out of Five",£34.77,In stock
Wuthering Heights,"Three, out of Five",£17.73,In stock
World War Z: An ...,"One, out of Five",£21.80,In stock
Wild: From Lost to ...,"Three, out of Five",£46.02,In stock
"Where'd You Go, Bernadette","One, out of Five",£18.13,In stock
When You Are Engulfed ...,"Five, out of Five",£30.89,In stock
We the People: The ...,"Three, out of Five",£31.95,In stock
We Are All Completely ...,"One, out of Five",£24.04,In stock
Walk the Edge (Thunder ...,"Three, out of Five",£32.36,In stock
Voyager (Outlander #3),"Five, out of Five",£21.07,In stock
Very Good Lives: The ...,"Three, out of Five",£50.66,In stock
Vegan Vegetarian Omnivore: Dinner ...,"Two, out of Five",£13.66,In stock
"Unstuffed: Decluttering Your Home, ...","One, out of Five",£58.09,In stock
Under the Banner of ...,"One, out of Five",£30.00,In stock
Two Boys Kissing,"Two, out of Five",£32.74,In stock
Twilight (Twilight #1),"Two, out of Five",£41.93,In stock
Twenties Girl,"Two, out of Five",£42.80,In stock
Trespassing Across America: One ...,"One, out of Five",£53.51,In stock
Three-Martini Lunch,"Three, out of Five",£23.21,In stock
"Thinking, Fast and Slow","One, out of Five",£21.14,In stock
The Wild Robot,"Three, out of Five",£56.07,In stock
The Wicked + The ...,"Three, out of Five",£14.41,In stock
The Undomestic Goddess,"Four, out of Five",£45.75,In stock
The Travelers,"One, out of Five",£15.77,In stock
The Tipping Point: How ...,"Two, out of Five",£10.02,In stock
The Thing About Jellyfish,"One, out of Five",£48.77,In stock
The Stand,"Two, out of Five",£57.86,In stock
The Smitten Kitchen Cookbook,"One, out of Five",£23.59,In stock
The Silkworm (Cormoran Strike ...,"Five, out of Five",£23.05,In stock
"The Sandman, Vol. 3: ...","Five, out of Five",£55.55,In stock
The Rose & the ...,"Four, out of Five",£58.64,In stock
The Road to Little ...,"One, out of Five",£23.21,In stock
The Rise of Theodore ...,"Three, out of Five",£42.57,In stock
The Restaurant at the ...,"One, out of Five",£10.92,In stock
The Rest Is Noise: ...,"One, out of Five",£34.77,In stock
The Red Tent,"Five, out of Five",£35.66,In stock
The Purpose Driven Life: ...,"Three, out of Five",£37.19,In stock
The Purest Hook (Second ...,"One, out of Five",£12.25,In stock
The Picture of Dorian ...,"Two, out of Five",£29.70,In stock
The Paris Wife,"Three, out of Five",£36.80,In stock
The Obsession,"One, out of Five",£45.43,In stock
The Nightingale,"Four, out of Five",£26.26,In stock
The New Guy (and ...,"Three, out of Five",£44.92,In stock
The Nanny Diaries (Nanny ...,"Five, out of Five",£52.53,In stock
The Name of God ...,"Two, out of Five",£37.25,In stock
The Maze Runner (The ...,"One, out of Five",£20.93,In stock
The Lover's Dictionary,"Two, out of Five",£58.09,In stock
The Lonely Ones,"Five, out of Five",£43.59,In stock
The Lean Startup: How ...,"Three, out of Five",£33.92,In stock
The Last Painting of ...,"Two, out of Five",£55.55,In stock
"The Land of 10,000 ...","Four, out of Five",£29.64,In stock
The Infinities,"One, out of Five",£27.41,In stock
The Husband's Secret,"Five, out of Five",£52.51,In stock
The Hitchhiker's Guide to ...,"Three, out of Five",£47.80,In stock
The Guns of August,"Two, out of Five",£14.54,In stock
The Guernsey Literary and ...,"One, out of Five",£49.53,In stock
The Goldfinch,"Three, out of Five",£43.58,In stock
The Giver (The Giver ...,"One, out of Five",£12.30,In stock
The Girl with All ...,"Three, out of Five",£49.47,In stock
The Girl Who Played ...,"Two, out of Five",£22.14,In stock
The Girl Who Kicked ...,"One, out of Five",£57.48,In stock
The Exiled,"Three, out of Five",£43.45,In stock
The End of Faith: ...,"Four, out of Five",£22.13,In stock
"The Elegant Universe: Superstrings, ...","Four, out of Five",£13.03,In stock
The Disappearing Spoon: And ...,"Five, out of Five",£57.35,In stock
The Devil Wears Prada ...,"One, out of Five",£44.29,In stock
The Demon-Haunted World: Science ...,"Four, out of Five",£52.25,In stock
The Day the Crayons ...,"Five, out of Five",£26.33,In stock
The Da Vinci Code ...,"Two, out of Five",£22.96,In stock
The Cuckoo's Calling (Cormoran ...,"One, out of Five",£19.21,In stock
The Complete Stories and ...,"Four, out of Five",£26.78,In stock
The Complete Poems,"Five, out of Five",£41.32,In stock
The Catcher in the ...,"One, out of Five",£24.55,In stock
The Cat in the ...,"Two, out of Five",£16.26,In stock
The Case for Christ ...,"One, out of Five",£47.84,In stock
The Book Thief,"Two, out of Five",£53.49,In stock
The Book of Basketball: ...,"Five, out of Five",£44.84,In stock
The Blind Side: Evolution ...,"Five, out of Five",£53.71,In stock
The Autobiography of Malcolm ...,"Two, out of Five",£23.43,In stock
The Art of Simple ...,"Three, out of Five",£34.32,In stock
The Art of Fielding,"One, out of Five",£22.10,In stock
"Surely You're Joking, Mr. ...","Two, out of Five",£25.83,In stock
Stiff: The Curious Lives ...,"Three, out of Five",£36.74,In stock
Spilled Milk: Based on ...,"One, out of Five",£49.51,In stock
Something Borrowed (Darcy & ...,"Five, out of Five",£48.96,In stock
Something Blue (Darcy & ...,"One, out of Five",£54.62,In stock
Soldier (Talon #3),"Two, out of Five",£24.72,In stock
Shopaholic & Baby (Shopaholic ...,"Two, out of Five",£46.45,In stock
Seven Days in the ...,"Two, out of Five",£52.33,In stock
Seven Brief Lessons on ...,"Four, out of Five",£30.60,In stock
Scarlet (The Lunar Chronicles ...,"Four, out of Five",£14.57,In stock
Sarah's Key,"One, out of Five",£46.29,In stock
"Saga, Volume 3 (Saga ...","Five, out of Five",£21.57,In stock
Running with Scissors,"Four, out of Five",£12.91,In stock
Rogue Lawyer (Rogue Lawyer ...,"Three, out of Five",£50.11,In stock
Rise of the Rocket ...,"Four, out of Five",£41.67,In stock
Rework,"Two, out of Five",£44.88,In stock
Reservations for Two,"Three, out of Five",£11.10,In stock
Red: The True Story ...,"Three, out of Five",£28.54,In stock
Ready Player One,"Four, out of Five",£19.07,In stock
Quiet: The Power of ...,"One, out of Five",£43.55,In stock
Prodigy: The Graphic Novel ...,"Three, out of Five",£43.63,In stock
Persepolis: The Story of ...,"One, out of Five",£39.13,In stock
Packing for Mars: The ...,"Two, out of Five",£56.68,In stock
Outliers: The Story of ...,"One, out of Five",£14.16,In stock
Original Fake,"Three, out of Five",£31.45,In stock
Orange Is the New ...,"Two, out of Five",£24.61,In stock
One for the Money ...,"Two, out of Five",£32.87,In stock
Notes from a Small ...,"One, out of Five",£40.17,In stock
Night (The Night Trilogy ...,"One, out of Five",£13.51,In stock
Neither Here nor There: ...,"Three, out of Five",£38.95,In stock
Naked,"Three, out of Five",£31.69,In stock
Morning Star (Red Rising ...,"One, out of Five",£29.40,In stock
Miracles from Heaven: A ...,"One, out of Five",£57.83,In stock
Midnight Riot (Peter Grant/ ...,"Two, out of Five",£55.46,In stock
Me Talk Pretty One ...,"Two, out of Five",£57.60,In stock
Manuscript Found in Accra,"Two, out of Five",£34.98,In stock
Lust & Wonder,"Two, out of Five",£11.87,In stock
Lila (Gilead #3),"Three, out of Five",£12.47,In stock
"Life, the Universe and ...","Two, out of Five",£33.26,In stock
Life Without a Recipe,"Five, out of Five",£59.04,In stock
Life After Life,"Two, out of Five",£26.13,In stock
Letter to a Christian ...,"One, out of Five",£22.20,In stock
Let's Pretend This Never ...,"One, out of Five",£45.11,In stock
Legend (Legend #1),"Four, out of Five",£43.69,In stock
"Lean In: Women, Work, ...","One, out of Five",£25.02,In stock
Lamb: The Gospel According ...,"Five, out of Five",£55.50,In stock
Lady Renegades (Rebel Belle ...,"Five, out of Five",£53.04,In stock
Jurassic Park (Jurassic Park ...,"One, out of Five",£44.97,In stock
It's Never Too Late ...,"One, out of Five",£42.38,In stock
Is Everyone Hanging Out ...,"Three, out of Five",£20.11,In stock
Into the Wild,"Five, out of Five",£56.70,In stock
Inferno (Robert Langdon #4),"Five, out of Five",£41.00,In stock
In the Garden of ...,"Three, out of Five",£28.85,In stock
If I Run (If ...,"Four, out of Five",£49.97,In stock
I've Got Your Number,"One, out of Five",£19.69,In stock
I Am Malala: The ...,"Two, out of Five",£28.88,In stock
Hungry Girl Clean & ...,"Three, out of Five",£33.14,In stock
House of Lost Worlds: ...,"Two, out of Five",£43.70,In stock
House of Leaves,"One, out of Five",£54.89,In stock
Horrible Bear!,"Two, out of Five",£37.52,In stock
Holidays on Ice,"Two, out of Five",£51.07,In stock
Heir to the Sky,"Four, out of Five",£44.07,In stock
Green Eggs and Ham ...,"Four, out of Five",£10.79,In stock
"Grayson, Vol 3: Nemesis ...","One, out of Five",£42.72,In stock
Gratitude,"Five, out of Five",£26.66,In stock
Gone Girl,"Five, out of Five",£37.60,In stock
Golden (Heart of Dread ...,"Four, out of Five",£42.21,In stock
Girl in the Blue ...,"Two, out of Five",£46.83,In stock
"Fruits Basket, Vol. 3 ...","Two, out of Five",£45.17,In stock
Friday Night Lights: A ...,"Three, out of Five",£51.22,In stock
Fire Bound (Sea Haven/Sisters ...,"Four, out of Five",£21.28,In stock
Fifty Shades Freed (Fifty ...,"Five, out of Five",£15.36,In stock
Fellside,"One, out of Five",£38.62,In stock
Extreme Prey (Lucas Davenport ...,"Three, out of Five",£25.40,In stock
Eragon (The Inheritance Cycle ...,"Three, out of Five",£43.87,In stock
Eclipse (Twilight #3),"One, out of Five",£18.74,In stock
Dune (Dune #1),"One, out of Five",£54.86,In stock
Dracula,"Three, out of Five",£52.62,In stock
Do Androids Dream of ...,"One, out of Five",£51.48,In stock
Disrupted: My Misadventure in ...,"Five, out of Five",£15.28,In stock
Dead Wake: The Last ...,"Five, out of Five",£39.24,In stock
"David and Goliath: Underdogs, ...","One, out of Five",£17.81,In stock
Darkfever (Fever #1),"One, out of Five",£56.02,In stock
Dark Places,"Five, out of Five",£23.90,In stock
Crazy Rich Asians (Crazy ...,"Five, out of Five",£49.13,In stock
Counting Thyme,"One, out of Five",£10.62,In stock
Cosmos,"Two, out of Five",£36.17,In stock
Civilization and Its Discontents,"Two, out of Five",£59.95,In stock
Cinder (The Lunar Chronicles ...,"One, out of Five",£26.09,In stock
Catastrophic Happiness: Finding Joy ...,"Two, out of Five",£37.35,In stock
Career of Evil (Cormoran ...,"Two, out of Five",£24.72,In stock
Breaking Dawn (Twilight #4),"Five, out of Five",£35.28,In stock
Brave Enough,"Five, out of Five",£51.32,In stock
Boy Meets Boy,"Three, out of Five",£21.12,In stock
Born to Run: A ...,"Two, out of Five",£27.35,In stock
Blink: The Power of ...,"Five, out of Five",£21.74,In stock
Black Flags: The Rise ...,"One, out of Five",£40.87,In stock
"Black Butler, Vol. 1 ...","One, out of Five",£49.31,In stock
Big Little Lies,"One, out of Five",£22.11,In stock
Between Shades of Gray,"Five, out of Five",£20.79,In stock
Best of My Love ...,"Two, out of Five",£27.41,In stock
Beowulf,"Two, out of Five",£38.35,In stock
Beautiful Creatures (Caster Chronicles ...,"Five, out of Five",£21.55,In stock
Awkward,"Two, out of Five",£38.02,In stock
Ash,"Four, out of Five",£22.06,In stock
Are We There Yet?,"Three, out of Five",£10.66,In stock
Are We Smart Enough ...,"One, out of Five",£56.58,In stock
Annie on My Mind,"Five, out of Five",£36.83,In stock
And Then There Were ...,"Two, out of Five",£35.01,In stock
A Walk in the ...,"Four, out of Five",£30.48,In stock
A Visit from the ...,"Five, out of Five",£14.08,In stock
A Storm of Swords ...,"Two, out of Five",£31.22,In stock
A Heartbreaking Work of ...,"Five, out of Five",£54.29,In stock
8 Keys to Mental ...,"One, out of Five",£31.04,In stock
#GIRLBOSS,"One, out of Five",£50.96,In stock
The Suffragettes (Little Black ...,"Two, out of Five",£11.89,In stock
The Sense of an ...,"Three, out of Five",£31.38,In stock
"The Sandman, Vol. 2: ...","One, out of Five",£54.81,In stock
The Course of Love,"Three, out of Five",£16.78,In stock
Sugar Rush (Offensive Line ...,"One, out of Five",£24.42,In stock
"Saga, Volume 2 (Saga ...","Three, out of Five",£11.75,In stock
"Run, Spot, Run: The ...","One, out of Five",£20.02,In stock
New Moon (Twilight #2),"Four, out of Five",£12.86,In stock
Life,"Five, out of Five",£31.58,In stock
Kindle Paperwhite User's Guide,"Three, out of Five",£34.00,In stock
H is for Hawk,"Five, out of Five",£57.42,In stock
Girl Online On Tour ...,"One, out of Five",£53.47,In stock
"Fruits Basket, Vol. 2 ...","Five, out of Five",£11.64,In stock
Diary of a Minecraft ...,"Four, out of Five",£52.88,In stock
"Y: The Last Man, ...","Four, out of Five",£18.51,In stock
While You Were Mine,"Five, out of Five",£41.32,In stock
Where Lightning Strikes (Bleeding ...,"Three, out of Five",£39.77,In stock
When I'm Gone,"Three, out of Five",£51.96,In stock
Ways of Seeing,"Five, out of Five",£39.51,In stock
"Vampire Knight, Vol. 1 ...","One, out of Five",£15.40,In stock
Vampire Girl (Vampire Girl ...,"Two, out of Five",£53.82,In stock
Twenty Love Poems and ...,"Four, out of Five",£30.95,In stock
Travels with Charley: In ...,"Five, out of Five",£57.82,In stock
Three Wishes (River of ...,"Two, out of Five",£44.18,In stock
This One Moment (Pushing ...,"One, out of Five",£48.71,In stock
The Zombie Room,"Five, out of Five",£19.69,In stock
The Wicked + The ...,"Two, out of Five",£36.52,In stock
The Tumor,"Five, out of Five",£41.56,In stock
The Story of Hong ...,"Four, out of Five",£43.19,In stock
The Silent Wife,"Five, out of Five",£12.34,In stock
The Silent Twin (Detective ...,"Three, out of Five",£36.25,In stock
The Selfish Gene,"One, out of Five",£29.45,In stock
The Secret Healer,"Three, out of Five",£34.56,In stock
"The Sandman, Vol. 1: ...","Three, out of Five",£54.12,In stock
The Republic,"Three, out of Five",£33.78,In stock
The Odyssey,"Three, out of Five",£29.64,In stock
The No. 1 Ladies' ...,"Four, out of Five",£57.70,In stock
The Nicomachean Ethics,"One, out of Five",£36.34,In stock
The Name of the ...,"Three, out of Five",£50.59,In stock
The Mirror & the ...,"One, out of Five",£29.38,In stock
The Little Prince,"Two, out of Five",£45.42,In stock
The Light of the ...,"One, out of Five",£54.43,In stock
The Last Girl (The ...,"Two, out of Five",£36.26,In stock
The Iliad,"One, out of Five",£16.16,In stock
The Hook Up (Game ...,"Five, out of Five",£36.29,In stock
The Haters,"Five, out of Five",£27.89,In stock
The Girl You Lost,"Five, out of Five",£12.29,In stock
The Girl In The ...,"Three, out of Five",£15.85,In stock
The End of the ...,"One, out of Five",£14.40,In stock
The Edge of Reason ...,"Four, out of Five",£19.18,In stock
The Complete Maus (Maus ...,"Three, out of Five",£10.64,In stock
The Communist Manifesto,"Three, out of Five",£14.76,In stock
The Bhagavad Gita,"Three, out of Five",£57.49,In stock
The Bette Davis Club,"Three, out of Five",£30.66,In stock
The Art of Not ...,"Four, out of Five",£40.83,In stock
Taking Shots (Assassins #1),"Two, out of Five",£18.88,In stock
Starlark,"Three, out of Five",£25.83,In stock
"Skip Beat!, Vol. 01 ...","Three, out of Five",£42.12,In stock
Sister Sable (The Mad ...,"Three, out of Five",£13.33,In stock
Shatter Me (Shatter Me ...,"One, out of Five",£42.40,In stock
Shameless,"Three, out of Five",£58.35,In stock
Shadow Rites (Jane Yellowrock ...,"Four, out of Five",£21.72,In stock
Settling the Score (The ...,"Two, out of Five",£44.91,In stock
Sense and Sensibility,"One, out of Five",£37.46,In stock
"Saga, Volume 1 (Saga ...","One, out of Five",£28.48,In stock
"Rhythm, Chord & Malykhin","Two, out of Five",£28.34,In stock
"Rat Queens, Vol. 1: ...","Five, out of Five",£46.96,In stock
Paradise Lost (Paradise #1),"One, out of Five",£24.96,In stock
"Paper Girls, Vol. 1 ...","Four, out of Five",£21.71,In stock
Ouran High School Host ...,"Three, out of Five",£29.87,In stock
Origins (Alphas 0.5),"One, out of Five",£28.99,In stock
One Second (Seven #7),"Two, out of Five",£52.94,In stock
On the Road (Duluoz ...,"Three, out of Five",£32.36,In stock
Old Records Never Die: ...,"Two, out of Five",£55.66,In stock
Off Sides (Off #1),"Five, out of Five",£39.45,In stock
Of Mice and Men,"Two, out of Five",£47.11,In stock
Myriad (Prentor #1),"Four, out of Five",£58.75,In stock
My Perfect Mistake (Over ...,"Two, out of Five",£38.92,In stock
"Ms. Marvel, Vol. 1: ...","Four, out of Five",£39.39,In stock
Meditations,"Two, out of Five",£25.89,In stock
Matilda,"One, out of Five",£28.34,In stock
Lost Among the Living,"Four, out of Five",£27.70,In stock
Lord of the Flies,"Three, out of Five",£24.89,In stock
Listen to Me (Fusion ...,"Three, out of Five",£58.99,In stock
Kitchens of the Great ...,"Five, out of Five",£57.20,In stock
Jane Eyre,"Five, out of Five",£38.43,In stock
Imperfect Harmony,"Four, out of Five",£34.74,In stock
Icing (Aces Hockey #2),"Four, out of Five",£40.44,In stock
"Hawkeye, Vol. 1: My ...","Three, out of Five",£45.24,In stock
Having the Barbarian's Baby ...,"Four, out of Five",£34.96,In stock
"Giant Days, Vol. 1 ...","Four, out of Five",£56.76,In stock
"Fruits Basket, Vol. 1 ...","Five, out of Five",£40.28,In stock
Frankenstein,"Two, out of Five",£38.00,In stock
Forever Rockers (The Rocker ...,"Three, out of Five",£28.80,In stock
Fighting Fate (Fighting #6),"Three, out of Five",£39.24,In stock
Emma,"Two, out of Five",£32.93,In stock
"Eat, Pray, Love","Three, out of Five",£51.32,In stock
Deep Under (Walker Security ...,"Five, out of Five",£47.09,In stock
Choosing Our Religion: The ...,"Four, out of Five",£28.42,In stock
Charlie and the Chocolate ...,"Three, out of Five",£22.85,In stock
Charity's Cross (Charles Towne ...,"One, out of Five",£41.24,In stock
Bright Lines,"Five, out of Five",£39.07,In stock
Bridget Jones's Diary (Bridget ...,"One, out of Five",£29.82,In stock
Bounty (Colorado Mountain #7),"Four, out of Five",£37.26,In stock
Blood Defense (Samantha Brinkman ...,"Three, out of Five",£20.30,In stock
"Bleach, Vol. 1: Strawberry ...","Five, out of Five",£34.65,In stock
Beyond Good and Evil,"One, out of Five",£43.38,In stock
Alice in Wonderland (Alice's ...,"One, out of Five",£55.53,In stock
"Ajin: Demi-Human, Volume 1 ...","Four, out of Five",£57.06,In stock
A Spy's Devotion (The ...,"Five, out of Five",£16.97,In stock
1st to Die (Women's ...,"One, out of Five",£53.98,In stock
"1,000 Places to See ...","Five, out of Five",£26.08,In stock
